<?xml version='1.0' encoding='UTF-8'?>
<!DOCTYPE hibernate-configuration PUBLIC
          "-//Hibernate/Hibernate Configuration DTD 3.0//EN"
          "http://hibernate.sourceforge.net/hibernate-configuration-3.0.dtd">

<!-- Generated by MyEclipse Hibernate Tools.                   -->
<hibernate-configuration>

    
    <session-factory>
       
       
        <property name="format_sql">false</property>

        
        <property name="connection.url">jdbc:mysql://localhost:3306/Mphasis</property>
        <property name="connection.driver_class">com.mysql.cj.jdbc.Driver</property>
        <property name="connection.username">root</property>
        <property name="connection.password">Comnet@123</property>
		
		<!-- JDBC connection pool (use the built-in) -->
        <property name="connection.pool_size">5</property>

        <!-- SQL dialect -->
        <property name="dialect">org.hibernate.dialect.MySQL5Dialect</property>

        <!-- Disable the second-level cache  -->
        <property name="cache.provider_class">org.hibernate.cache.internal.NoCacheProvider</property>

        <!-- Echo all executed SQL to stdout -->
        <property name="show_sql">true</property>

        <!-- Drop and re-create the database schema on startup -->
        <property name="hbm2ddl.auto">create-drop</property>
		<!--  <property name="hbm2ddl.auto">update</property> -->

    <mapping resource="employee.hbm.xml"/>
    
    </session-factory>

</hibernate-configuration>