<?xml version="1.0" encoding="UTF-8"?>  
<beans  
    xmlns="http://www.springframework.org/schema/beans"  
    xmlns:xsi="http://www.w3.org/2001/XMLSchema-instance"  
    xmlns:p="http://www.springframework.org/schema/p"  
    xsi:schemaLocation="http://www.springframework.org/schema/beans  
               http://www.springframework.org/schema/beans/spring-beans-3.0.xsd">  
  

<!--  autowiring through construtor 
<bean id="textEditorbean" class="TextEditor" autowire="constructor" >  
-->
 
</bean>  

<!--autowiring through byName  -->
  <bean id="textEditorbean" class="TextEditor" autowire="byName">
  <property 
  name="sname" value="Nikita"/>
  
  </bean>
  
  <!--autowiring through byType  -->
  <bean id="textEditorbean" class="TextEditor" autowire="byType">
  <property 
  name="sname" value="Nikita"/>
  
  </bean>
   
  <!-- spellCheck Object -->
  <bean id="spellCheckerbean" class="SpellChecker"></bean>
</beans>  