<?xml version="1.0" encoding="UTF-8"?>
<beans xmlns = "http://www.springframework.org/schema/beans"
   xmlns:xsi = "http://www.w3.org/2001/XMLSchema-instance" 
   xsi:schemaLocation = "http://www.springframework.org/schema/beans
   http://www.springframework.org/schema/beans/spring-beans-3.0.xsd ">
   
   <bean id="dataSource" class="org.springframework.jdbc.datasource.DriverManagerDataSource">
   <property name="driverClassName" value=""/>
   <property name="url" value=""/>
   <property name="username" value=""/>
   <property name="password" value=""/>
    </bean>
   
   <!--  studentJDBCTEmplate bean -->
   <bean id="studentJDBCTemplate" class="com.jdbcexample.StudentJDBCTemplate">
   
   <property name="dataSource" ref="dataSource"/>
   </bean>
   
</beans>